{"cameraMode":{"drawMode":0,"name":"Shaded","section":"Shading Mode"},"sceneLighting":true,"audioPlay":false,"sceneViewState":{"m_AlwaysRefresh":false,"showFog":true,"showSkybox":true,"showFlares":true,"showImageEffects":true,"showParticleSystems":true,"showVisualEffectGraphs":true,"m_FxEnabled":true},"in2DMode":false,"pivot":{"x":229.31948852539063,"y":8.411165237426758,"z":324.4054260253906},"rotation":{"x":0.05035519227385521,"y":-0.0329582653939724,"z":0.0015777250519022346,"w":0.9982370138168335},"size":12.12435531616211,"orthographic":false}